50239112	CF,C1=CC=CC=C1,CN,CN,C,CC,C1=CC=CC=C1,CN,CN,C,CC,C,CN,C1CCNCC1,CC,C,CN,CN,C,CC,C,CN,CN,C1=CC=CC=C1,CN,CN,C,CC,C1=CC=CC=C1,CCl,CF,C1=CC=CC=C1,CN,CN,C,CC,C1=CC=CC=C1,CN,CN,C,CC,C,CN,C1CCNCC1,CC,C,CN,CN,C,CC,C,CN,CN,C1=CC=CC=C1,CN,CN,C,CC,C1=CC=CC=C1,CCl,CF,C1=CC=CC=C1,CN,CN,C,CC,C1=CC=CC=C1,CN,CN,C,CC,C,CN,C1CCNCC1,CC,C,CN,CN,C,CC,C,CN,CN,C1=CC=CC=C1,CN,CN,C,C=O,CF,C1=CC=CC=C1,CN,CN,C,CC,C1=CC=CC=C1,CN,CN,C,CC,C,CN,C1CCNCC1,CC,C,CN,CN,C,CC,C,CN,CN,C1=CC=CC=C1,CN,CN,C,C=O,C=O,C,CC,C1=CC=CC=C1,CN,CN,C,CC,C,CN,C1CCNCC1,CC,C,CN,CN,C,CC,C,CN,CN,C1=CC=CC=C1,CN,CN,C,CC,C1=CC=CC=C1,CCl,CF,C1=CC=CC=C1,CN,CN,C,CC,C1=CC=CC=C1,CN,CN,C,CC,C,CN,C1CCNCC1,CC,C,CN,CN,C,CC,C,CN,CN,C1=CC=CC=C1,CC,CF,C1=CC=CC=C1,CN,CN,C,CC,C1=CC=CC=C1,CN,CN,C,CC,C,CN,C1CCNCC1,CC,C,CN,CN,C,CC,C,CN,CN,C1=CC=CC=C1,CC,C=O,C,CC,C1=CC=CC=C1,CN,CN,C,CC,C,CN,C1CCNCC1,CC,C,CN,CN,C,CC,C,CN,CN,C1=CC=CC=C1,CN,CN,C,C=O,CC,C1=CC=CC=C1,CN,CN,C,CC,C,CN,C1CCNCC1,CC,C,CN,CN,C,CC,C,CN,CN,C1=CC=CC=C1,CN,CN,C,CC,C1=CC=CC=C1,CCl,CC,C1=CC=CC=C1,CN,CN,C,CC,C,CN,C1CCNCC1,CC,C,CN,CN,C,CC,C,CN,CN,C1=CC=CC=C1,CN,CN,C,C=O,C=O,C,CC,C1=CC=CC=C1,CN,CN,C,CC,C,CN,C1CCNCC1,CC,C,CN,CN,C,CC,C,CN,CN,C1=CC=CC=C1,CC,CF,C1=CC=CC=C1,CN,CN,C,CC,C1=CC=CC=C1,CN,CN,C,CC,C,CN,C1CCNCC1,CC,C,CN,CN,C,CC,C,CC,CF,C1=CC=CC=C1,CN,CN,C,CC,C1=CC=CC=C1,CN,CN,C,CC,C,CN,C1CCNCC1,CC,C,CN,CN,C,CC,C,CC,CF,C1=CC=CC=C1,CN,CN,C,CC,C1=CC=CC=C1,CN,CN,C,CC,C,CN,C1CCNCC1,CC,C,CN,CN,C,CC,C,C=O,CF,C1=CC=CC=C1,CN,CN,C,CC,C1=CC=CC=C1,CN,CN,C,CC,C,CN,C1CCNCC1,CC,C,CN,CN,C,CC,C,CC,CF,C1=CC=CC=C1,CN,CN,C,CC,C1=CC=CC=C1,CN,CN,C,CC,C,CN,C1CCNCC1,CC,C,CN,CN,C,CC,C,CC,CF,C1=CC=CC=C1,CN,CN,C,CC,C1=CC=CC=C1,CN,CN,C,CC,C,CN,C1CCNCC1,CC,C,CN,CN,C,CC,C,C=O,C=O,C,CC,C,CN,C1CCNCC1,CC,C,CN,CN,C,CC,C,CN,CN,C1=CC=CC=C1,CN,CN,C,CC,C1=CC=CC=C1,CCl,CC,C1=CC=CC=C1,CN,CN,C,CC,C,CN,C1CCNCC1,CC,C,CN,CN,C,CC,C,CN,CN,C1=CC=CC=C1,CC,C=O,C,CC,C,CN,C1CCNCC1,CC,C,CN,CN,C,CC,C,CN,CN,C1=CC=CC=C1,CN,CN,C,C=O,CC,C,CN,C1CCNCC1,CC,C,CN,CN,C,CC,C,CN,CN,C1=CC=CC=C1,CN,CN,C,CC,C1=CC=CC=C1,CCl,C=O,C,CC,C1=CC=CC=C1,CN,CN,C,CC,C,CN,C1CCNCC1,CC,C,CN,CN,C,CC,C,CC,C=O,C,CC,C1=CC=CC=C1,CN,CN,C,CC,C,CN,C1CCNCC1,CC,C,CN,CN,C,CC,C,CC,C=O,C,CC,C1=CC=CC=C1,CN,CN,C,CC,C,CN,C1CCNCC1,CC,C,CN,CN,C,CC,C,C=O,CC,C,CN,C1CCNCC1,CC,C,CN,CN,C,CC,C,CN,CN,C1=CC=CC=C1,CN,CN,C,C=O,CF,C1=CC=CC=C1,CN,CN,C,CC,C1=CC=CC=C1,CN,CN,C,CC,C,CN,C1CCNCC1,CC,C,C=O,CF,C1=CC=CC=C1,CN,CN,C,CC,C1=CC=CC=C1,CN,CN,C,CC,C,CN,C1CCNCC1,CC,C,C=O,CC,C1=CC=CC=C1,CN,CN,C,CC,C,CN,C1CCNCC1,CC,C,CN,CN,C,CC,C,CC,CC,C1=CC=CC=C1,CN,CN,C,CC,C,CN,C1CCNCC1,CC,C,CN,CN,C,CC,C,CC,CC,C1=CC=CC=C1,CN,CN,C,CC,C,CN,C1CCNCC1,CC,C,CN,CN,C,CC,C,C=O,C=O,C,CC,C,CN,C1CCNCC1,CC,C,CN,CN,C,CC,C,CN,CN,C1=CC=CC=C1,CC,C=O,C,CN,CN,C,CC,C,CN,CN,C1=CC=CC=C1,CN,CN,C,CC,C1=CC=CC=C1,CCl,CC,C,CN,C1CCNCC1,CC,C,CN,CN,C,CC,C,CN,CN,C1=CC=CC=C1,CC,CC,C,CC,C,CC,C,CN,CN,C1=CC=CC=C1,CN,CN,C,CC,C1=CC=CC=C1,CCl,CC,C,CC,C,CC,C,CN,CN,C1=CC=CC=C1,CN,CN,C,CC,C1=CC=CC=C1,CCl,C=O,C,CC,C1=CC=CC=C1,CN,CN,C,CC,C,CN,C1CCNCC1,CC,C,C=O,C=O,C,CN,CN,C,CC,C,CN,CN,C1=CC=CC=C1,CN,CN,C,C=O,C=O,C,CC,C,CN,C1CCNCC1,CC,C,CN,CN,C,CC,C,CC,C=O,C,CC,C,CN,C1CCNCC1,CC,C,CN,CN,C,CC,C,CC,C=O,C,CC,C,CN,C1CCNCC1,CC,C,CN,CN,C,CC,C,C=O,CF,C1=CC=CC=C1,CN,CN,C,CC,C1=CC=CC=C1,CN,CN,C,CC,C,CC,CF,C1=CC=CC=C1,CN,CN,C,CC,C1=CC=CC=C1,CN,CN,C,CC,C,CC,CC,C,CC,C,CC,C,CN,CN,C1=CC=CC=C1,CN,CN,C,C=O,CC,C,CC,C,CC,C,CN,CN,C1=CC=CC=C1,CN,CN,C,C=O,CC,C1=CC=CC=C1,CN,CN,C,CC,C,CN,C1CCNCC1,CC,C,C=O,CC,C,CN,C1CCNCC1,CC,C,CN,CN,C,CC,C,CC,CC,C,CN,C1CCNCC1,CC,C,CN,CN,C,CC,C,CC,CC,C,CN,C1CCNCC1,CC,C,CN,CN,C,CC,C,C=O,CF,C1=CC=CC=C1,CN,CN,C,CC,C1=CC=CC=C1,CN,CN,C,C=O,CF,C1=CC=CC=C1,CN,CN,C,CC,C1=CC=CC=C1,CN,CN,C,C=O,C=O,C,CN,CN,C,CC,C,CN,CN,C1=CC=CC=C1,CC,C=O,C,CN,CN,C1=CC=CC=C1,CN,CN,C,CC,C1=CC=CC=C1,CCl,C=O,C,CC,C1=CC=CC=C1,CN,CN,C,CC,C,CC,CC,C,CC,C,CC,C,CN,CN,C1=CC=CC=C1,CC,CC,C,CC,C,CC,C,CN,CN,C1=CC=CC=C1,CC,C=O,C,CN,CN,C1=CC=CC=C1,CN,CN,C,C=O,C=O,C,CC,C,CN,C1CCNCC1,CC,C,C=O,CC,C1=CC=CC=C1,CC,C,CN,CN,C1=CC=CC=C1,CF,CC,C1=CC=CC=C1,CC,C,CN,CN,C1=CC=CC=C1,CF,CC,C1=CC=CC=C1,CN,CN,C,CC,C,CC,C=O,C,CC,C1=CC=CC=C1,CN,CN,C,C=O,C=O,C,CN,CN,C,CC,C,CC,C=O,C,CN,CN,C,CC,C,CC,C=O,C,CN,CN,C,CC,C,C=O,CCl,C1=CC=CC=C1,CC,C,CN,CN,C1=CC=CC=C1,CC,CC,C,CC,C,CC,C,C=O,CC,C,CC,C,CC,C,C=O,CC,C,CN,C1CCNCC1,CC,C,C=O,CC,C1=CC=CC=C1,CN,CN,C,C=O,C=O,C,CN,CN,C1=CC=CC=C1,CF,C=O,C,CN,CN,C1=CC=CC=C1,CF,C=O,C,CN,CN,C1=CC=CC=C1,CC,C=O,C,CN,CN,C1=CC=CC=C1,CC,CC,C1=CC=CC=C1,CC,C,C=O,C=O,C,CC,C,CC,C=O,C,CC,C1=CC=CC=C1,CCl,CF,C1=CC=CC=C1,CF,CC,C,CC
2484101	CC,C1=CCCCC1,C1=CSCC1,C1=CN=CN=C1,CO,CO,CC,C,CO,CO,CC,C1=CCCCC1,C1=CSCC1,C1=CN=CN=C1,CO,CO,CC,C,C=O,C=O,C,CO,CO
985	CC,CC,CC,CC,CC,CC,CC,CC,CC,CC,CC,CC,CC,CC,CC,C,C=O,CC,CC,CC,CC,CC,CC,CC,CC,CC,CC,CC,CC,CC,CC,CC,C,CO,C=O,C,CO
128684640	CC,CC,C1CCOC1,CN,CN,C,CN,CN,CC,C1CCCC1,C,CC,CC,CC,C1CCOC1,CN,CN,C,CN,CN,CC,C1CCCC1,C,CC,C=O,C,CN,CN,CC,C1CCCC1,C,CC,C=O,C,CN,CN,CC,C1CCCC1,C,CC,CC,CC,C1CCOC1,CN,CN,C,C=O,CC,C,CC
12983003	CC,CC,CC,CC,CC,CC,CC,CC,CC,CC,CC,C,CN,CN,CC,CC,CC,CC,C,CN,CN,C,CC,C,CN,CN,C,CC,CC,CC,CC,CN,CN,C,CC,CC,CC,CC,CC,CC,CC,CC,CC,CC,CC,CC,CC,CC,CC,CC,CC,CC,CC,CC,CC,CC,C,CN,CN,CC,CC,CC,CC,C,CN,CN,C,CC,C,CN,CN,C,CC,C,CO,CO,CC,CC,C,CC,CC,C,CC,CC,CC,CC,CC,CC,CC,CC,CC,CC,CC,CC,C,CN,CN,CC,CC,CC,CC,C,CN,CN,C,CC,C,CN,CN,C,CC,C,CO,CO,CC,CC,C,CC,CC,C,CC,CC,CC,CC,CC,CC,CC,CC,CC,CC,CC,CC,C,CN,CN,CC,CC,CC,CC,C,CN,CN,C,CC,C,CN,CN,C,CC,C,CO,CO,CC,CC,C,CC,CC,C,CC,CC,C,CC,CC,C,CC,CC,CO,CO,C,CC,C,CN,CN,C,CC,C,CN,CN,C,CC,CC,CC,CC,CN,CN,C,CC,CC,CC,CC,CC,CC,CC,CC,CC,CC,CC,CC,C,CC,CC,C,CC,CC,CO,CO,C,CC,C,CN,CN,C,CC,C,CN,CN,C,CC,CC,CC,CC,CN,CN,C,CC,CC,CC,CC,CC,CC,CC,CC,CC,CC,CC,CC,C,CC,CC,C,CC,CC,CO,CO,C,CC,C,CN,CN,C,CC,C,CN,CN,C,CC,CC,CC,CC,CN,CN,C,CC,CC,CC,CC,CC,CC,CC,CC,CC,CC,CC,CC,CC,CC,CC,CC,CC,CC,CC,CC,CC,CC,C,CN,CN,CC,CC,CC,CC,C,CN,CN,C,CC,C,CN,CN,C,CC,C,CO,CO,CC,CC,C,CC,CC,C,CC,CC,CO,CO,C,CC,C,CN,CN,C,CC,C,CN,CN,C,CC,CC,CC,CC,CN,CN,C,CC,CC,CC,CC,CC,CC,CC,CC,CC,CC,CC,CC,CC,CC,CC,CC,CC,CC,CC,CC,CC,CC,C,CN,CN,CC,CC,CC,CC,C,CN,CN,C,CC,C,CN,CN,C,CC,CC,CC,CC,CN,CN,C,C=O,C=O,C,CN,CN,CC,CC,CC,CC,C,CN,CN,C,CC,C,CN,CN,C,CC,CC,CC,CC,CN,CN,C,CC,CC,CC,CC,CC,CC,CC,CC,CC,CC,CC,CC,C,CC,CC,C,CC,CC,CO,CO,C,CC,C,CN,CN,C,CC,C,CN,CN,C,CC,C,CO,CO,CC,CC,C,CC,CC,C,CC,CC,C,CC,CC,C,CC,CC,CO,CO,C,CC,C,CN,CN,C,CC,C,CN,CN,C,CC,C,CO,CO,CC,CC,C,CC,CC,C,CC,CC,C,CC,CC,C,CC,CC,CO,CO,C,CC,C,CN,CN,C,CC,C,CN,CN,C,CC,C,CO,CO,CC,CC,C,CC,CC,C,CC,CC,C,CC,CC,C,CC,CC,CO,CO,C,CC,C,CN,CN,C,CC,C,CN,CN,C,CC,C,CO,CO,CC,CC,C,CC,CC,C,CC,CC,C,CC,CC,C,CC,CC,CO,CO,C,CC,C,CN,CN,C,CC,C,CN,CN,C,CC,C,CO,CO,CC,CC,C,CC,CC,C,CC,CC,C,CC,CC,C,CC,CC,CO,CO,C,CC,C,CN,CN,C,CC,C,CN,CN,C,CC,C,CO,CO,CC,CC,C,CC,CC,C,CC,CC,C,CC,CC,C,CC,CC,CO,CO,C,CC,C,CN,CN,C,CC,C,CN,CN,C,CC,C,CO,CO,CC,CC,C,CC,CC,C,CC,CC,C,CC,CC,C,CC,CC,CO,CO,C,CC,C,CN,CN,C,CC,C,CN,CN,C,CC,C,CO,CO,CC,CC,C,CC,CC,C,CC,CC,C,CC,CC,C,CC,CC,CO,CO,C,CC,C,CN,CN,C,CC,C,CN,CN,C,CC,C,CO,CO,CC,CC,C,CC,CC,C,CC,CC,CC,CC,CC,CC,CC,CC,CC,CC,CC,CC,C,CN,CN,CC,CC,CC,CC,C,CC,C,CO,CO,CC,CC,C,CC,CC,C,CC,CC,CC,CC,CC,CC,CC,CC,CC,CC,CC,CC,C,CN,CN,CC,CC,CC,CC,C,CC,C,CO,CO,CC,CC,C,CC,CC,C,CC,CC,CC,CC,CC,CC,CC,CC,CC,CC,CC,CC,C,CN,CN,CC,CC,CC,CC,C,CC,C,CO,CO,CC,CC,C,CC,CC,C,CC,CC,CC,CC,CC,CC,CC,CC,CC,CC,CC,CC,C,CN,CN,CC,CC,CC,CC,C,CC,C,CO,CO,CC,CC,C,CC,CC,C,CC,CC,CC,CC,CC,CC,CC,CC,CC,CC,CC,CC,C,CN,CN,CC,CC,CC,CC,C,CC,C,CO,CO,CC,CC,C,CC,CC,C,CC,CC,CC,CC,CC,CC,CC,CC,CC,CC,CC,CC,C,CN,CN,CC,CC,CC,CC,C,CC,C,CO,CO,CC,CC,C,CC,CC,C,CC,CC,CC,CC,CC,CC,CC,CC,CC,CC,CC,CC,C,CN,CN,CC,CC,CC,CC,C,CN,CN,C,CC,C,CN,CN,C,CC,C,C=O,C=O,C,CC,C,CN,CN,C,CC,C,CN,CN,C,CC,CC,CC,CC,CN,CN,C,CC,CC,CC,CC,CC,CC,CC,CC,CC,CC,CC,CC,C,CC,CC,CO,CO,C,CC,C,CN,CN,C,CC,C,CN,CN,C,CC,C,CO,CO,CC,CC,C,CC,CC,C,CC,CC,C,CC,CC,CO,CO,C,CC,C,CN,CN,C,CC,C,CN,CN,C,CC,C,CO,CO,CC,CC,C,CC,CC,C,CC,CC,C,CC,CC,CO,CO,C,CC,C,CN,CN,C,CC,C,CN,CN,C,CC,C,CO,CO,CC,CC,C,CC,CC,C,CC,CC,C,CC,CC,C,CC,CC,CO,CO,C,CC,C,CN,CN,C,CC,C,CN,CN,C,CC,C,CO,CO,CC,CC,C,CC,CC,C,CC,CC,C,CC,CC,CO,CO,C,CC,C,CN,CN,C,CC,C,CN,CN,C,CC,C,CO,CO,CC,CC,C,CC,CC,C,CC,CC,C,CC,CC,CO,CO,C,CC,C,CN,CN,C,CC,C,CN,CN,C,CC,C,CO,CO,CC,CC,C,CC,C=O,C,CN,CN,CC,CC,CC,CC,C,CN,CN,C,CC,C,CN,CN,C,CC,C,CO,CO,CC,CC,C,CC,CC,C,CC,C=O,C,CN,CN,CC,CC,CC,CC,C,CN,CN,C,CC,C,CN,CN,C,CC,C,CO,CO,CC,CC,C,CC,CC,C,CC,C=O,C,CN,CN,CC,CC,CC,CC,C,CN,CN,C,CC,C,CN,CN,C,CC,C,CO,CO,CC,CC,C,CC,CC,C,CC,CC,C,CC,CC,C,CC,CC,CO,CO,C,CC,C,CN,CN,C,CC,C,CN,CN,C,CC,CC,CC,CC,CN,CN,C,C=O,CC,C,CC,CC,C,CC,CC,CO,CO,C,CC,C,CN,CN,C,CC,C,CN,CN,C,CC,CC,CC,CC,CN,CN,C,C=O,CC,C,CC,CC,C,CC,CC,CO,CO,C,CC,C,CN,CN,C,CC,C,CN,CN,C,CC,CC,CC,CC,CN,CN,C,C=O,CC,CC,CC,CC,CC,CC,CC,CC,CC,CC,CC,C,CN,CN,CC,CC,CC,CC,C,CC,C,CO,CO,CC,CC,C,CC,CC,CC,CC,CC,CC,CC,CC,CC,CC,CC,CC,C,CN,CN,CC,CC,CC,CC,C,CC,C,CO,CO,CC,CC,C,CC,CC,C,CC,CC,CO,CO,C,CC,C,CN,CN,C,CC,C,CN,CN,C,CC,C,CO,CO,CC,CC,C,CC,C=O,C,CN,CN,CC,CC,CC,CC,C,CN,CN,C,CC,C,CN,CN,C,CC,C,CO,CO,CC,CC,C,CC,CC,C,CC,CC,CO,CO,C,CC,C,CN,CN,C,CC,C,CN,CN,C,CC,CC,CC,CC,CN,CN,C,C=O,C=O,C,CN,CN,CC,CC,CC,CC,C,CN,CN,C,CC,C,CN,CN,C,CC,CC,CC,CC,CN,CN,C,C=O,C=O,C,CC,C,CN,CN,C,CC,C,CN,CN,C,CC,C,CO,CO,CC,CC,C,CC,CC,C,CC,C=O,C,CC,C,CN,CN,C,CC,C,CN,CN,C,CC,C,CO,CO,CC,CC,C,CC,CC,C,CC,C=O,C,CC,C,CN,CN,C,CC,C,CN,CN,C,CC,C,CO,CO,CC,CC,C,CC,CC,C,CC,CC,C,CC,CC,C,CC,CC,CO,CO,C,CC,C,CN,CN,C,CC,C,CN,CN,C,CC,C,C=O,CC,C,CC,CC,C,CC,CC,CO,CO,C,CC,C,CN,CN,C,CC,C,CN,CN,C,CC,C,C=O,CC,C,CC,CC,C,CC,CC,CO,CO,C,CC,C,CN,CN,C,CC,C,CN,CN,C,CC,C,C=O,CC,CC,CC,CC,CC,CC,CC,CC,CC,CC,CC,C,CN,CN,CC,CC,CC,CC,C,CN,CN,C,CC,C,C=O,C=O,C,CC,C,CN,CN,C,CC,CC,CC,CC,CN,CN,C,CC,CC,CC,CC,CC,CC,CC,CC,CC,CC,CC,CC,CC,CC,CC,CC,CC,CC,CC,CC,CC,CC,C,CN,CN,CC,CC,CC,CC,C,CN,CN,C,C=O,C=O,C,CN,CN,C,CC,CC,CC,CC,CN,CN,C,CC,CC,CC,CC,CC,CC,CC,CC,CC,CC,CC,CC,CC,CC,CC,CC,CC,CC,CC,CC,CC,CC,C,CN,CN,CC,CC,CC,CC,C,CC,C,C=O,CC,CC,CC,CC,CC,CC,CC,CC,CC,CC,CC,C,CN,CN,CC,CC,CC,CC,C,CC,C,C=O,C=O,C,CC,C,CN,CN,C,CC,C,CN,CN,C,CC,C,CO,CO,CC,CC,C,CC,CC,C,CC,CC,CO,CO,C,CC,C,CN,CN,C,CC,C,CN,CN,C,CC,C,C=O,C=O,C,CN,CN,CC,CC,CC,CC,C,CC,C,CO,CO,CC,CC,C,CC,CC,C,CC,C=O,C,CN,CN,CC,CC,CC,CC,C,CC,C,CO,CO,CC,CC,C,CC,CC,C,CC,C=O,C,CN,CN,CC,CC,CC,CC,C,CC,C,CO,CO,CC,CC,C,CC,CC,C,CC,C=O,C,CN,CN,CC,CC,CC,CC,C,CC,C,CO,CO,CC,CC,C,CC,CC,C,CC,C=O,C,CN,CN,CC,CC,CC,CC,C,CC,C,CO,CO,CC,CC,C,CC,CC,C,CC,C=O,C,CN,CN,CC,CC,CC,CC,C,CC,C,CO,CO,CC,CC,C,CC,CC,C,CC,C=O,C,CN,CN,CC,CC,CC,CC,C,CN,CN,C,CC,C,CN,CN,C,CC,C,C=O,C=O,C,CC,C,CN,CN,C,CC,C,CN,CN,C,CC,CC,CC,CC,CN,CN,C,C=O,CC,C,CC,CC,C,CC,CC,CO,CO,C,CC,C,CN,CN,C,CC,C,C=O,CC,C,CC,CC,C,CC,CC,CO,CO,C,CC,C,CN,CN,C,CC,C,C=O,CC,C,CC,CC,C,CC,CC,CO,CO,C,CC,C,CN,CN,C,CC,C,C=O,C=O,C,CC,C,CN,CN,C,CC,C,CO,CO,CC,CC,C,CC,CC,C,CC,C=O,C,CC,C,CN,CN,C,CC,C,CO,CO,CC,CC,C,CC,CC,C,CC,C=O,C,CC,C,CN,CN,C,CC,C,CO,CO,CC,CC,C,CC,CC,C,CC,C=O,C,CN,CN,CC,CC,CC,CC,C,CC,C,CO,CO,CC,CC,C,CC,C=O,C,CN,CN,CC,CC,CC,CC,C,CC,C,CO,CO,CC,CC,C,CC,CC,C,CC,CC,C,CC,CC,CO,CO,C,CC,C,CN,CN,C,C=O,CC,C,CC,CC,C,CC,CC,CO,CO,C,CC,C,CN,CN,C,C=O,CC,C,CC,CC,C,CC,CC,CO,CO,C,CC,C,CN,CN,C,C=O,C=O,C,CN,CN,C,CC,C,CO,CO,CC,CC,C,CC,CC,C,CC,C=O,C,CN,CN,C,CC,C,CO,CO,CC,CC,C,CC,CC,C,CC,C=O,C,CN,CN,C,CC,C,CO,CO,CC,CC,C,CC,CC,C,CC,C=O,C,CC,C,CN,CN,C,CC,C,CN,CN,C,CC,C,C=O,CC,C,CC,CC,CO,CO,C,CC,C,CN,CN,C,CC,C,C=O,C=O,C,CC,C,CN,CN,C,CC,C,CO,CO,CC,CC,C,CC,C=O,C,CN,CN,CC,CC,CC,CC,C,CN,CN,C,CC,C,C=O,C=O,C,CC,C,CN,CN,C,CC,CC,CC,CC,CN,CN,C,C=O,CC,C,CC,CC,CO,CO,C,CC,C,CN,CN,C,C=O,C=O,C,CN,CN,C,CC,C,CO,CO,CC,CC,C,CC,C=O,C,CN,CN,CC,CC,CC,CC,C,CN,CN,C,C=O,C=O,C,CN,CN,C,CC,CC,CC,CC,CN,CN,C,C=O,CC,CC,CC,CC,CC,CC,CC,CC,CC,CC,CC,C,C=O,C=O,C,CC,CC,CC,CC,CC,CC,CC,CC,CC,CC,CC,C=O,C,CN,CN,CC,CC,CC,CC,C,CC,C,C=O,C=O,C,CN,CN,CC,CC,CC,CC,C,CC,C,C=O,C=O,C,CO,CO,CC,CC,C,CC,CC,C,CC,C=O,C,CO,CO,CC,CC,C,CC,CC,C,CC,C=O,C,CO,CO,CC,CC,C,CC,CC,C,CC,C=O,C,CO,CO,CC,CC,C,CC,CC,C,CC,C=O,C,CO,CO,CC,CC,C,CC,CC,C,CC,C=O,C,CO,CO,CC,CC,C,CC,CC,C,CC,C=O,C,CC,C,CN,CN,C,CC,C,C=O,C=O,C,CC,C,CN,CN,C,CC,C,C=O,C=O,C,CC,C,CN,CN,C,C=O,C=O,C,CN,CN,C,CC,C,C=O,C=O,C,CO,CO,CC,CC,C,CC,C=O,C,CO,CO,CC,CC,C,CC,CC,C,CC,CC,C,CC,CC,C,CC,CC,C,CC,CC,C,CC,CC,C,CC,CC,C,CC,CC,C,CC,CC,C,CC,CC,C,CC,CC,C,CC,CC,C,CC,C=O,C,CC,C,C=O,CC,C,CC,CC,C,CC,CC,C,CC,CC,C,CC,CC,C,CC,CC,C,CC
90996299	C1=CC=CC=C1,CC,C,CC,C1=CC=CC=C1,CC,C1=CCCC=C1,CC,C1=CC=CC=C1,CC,C1=CCCC=C1,C1=CC=CC=C1,CC,C1=CC=CC=C1,C=O,C,CC,C1=CC=CC=C1,CC,C1=CCCC=C1,CC,C1=CC=CC=C1,CC,C1=CCCC=C1,C1=CC=CC=C1,CC,C1=CC=CC=C1,C1=CC=CC=C1,CC,C,CC,C1=CC=CC=C1,CC,C1=CCCC=C1,CC,C1=CC=CC=C1,CC,C1=CCCC=C1,CC,C1=CC=CC=C1,C1=CC=CC=C1,CC,C,CC,C1=CC=CC=C1,CC,C1=CCCC=C1,CC,C1=CC=CC=C1,CC,C1=CCCC=C1,C1=CCCC=C1,C=O,C,CC,C1=CC=CC=C1,CC,C1=CCCC=C1,CC,C1=CC=CC=C1,CC,C1=CCCC=C1,CC,C1=CC=CC=C1,C=O,C,CC,C1=CC=CC=C1,CC,C1=CCCC=C1,CC,C1=CC=CC=C1,CC,C1=CCCC=C1,C1=CCCC=C1,CC,C1=CC=CC=C1,CC,C1=CCCC=C1,CC,C1=CC=CC=C1,CC,C,CC,C1=CC=CC=C1,C1=CC=CC=C1,C1=CCCC=C1,CC,C1=CC=CC=C1,CC,C1=CCCC=C1,C1=CC=CC=C1,CC,C1=CC=CC=C1,C1=CCCC=C1,C1=CCCC=C1,CC,C1=CC=CC=C1,CC,C1=CCCC=C1,C1=CC=CC=C1,CC,C1=CC=CC=C1,CC,C1=CC=CC=C1,CC,C1=CCCC=C1,CC,C1=CC=CC=C1,CC,C,C=O,C1=CC=CC=C1,C1=CCCC=C1,CC,C1=CC=CC=C1,CC,C1=CCCC=C1,CC,C1=CC=CC=C1,C1=CCCC=C1,C1=CCCC=C1,CC,C1=CC=CC=C1,CC,C1=CCCC=C1,CC,C1=CC=CC=C1,C1=CC=CC=C1,C1=CCCC=C1,CC,C1=CC=CC=C1,CC,C1=CCCC=C1,C1=CCCC=C1,C1=CCCC=C1,C1=CCCC=C1,CC,C1=CC=CC=C1,CC,C1=CCCC=C1,C1=CCCC=C1,C1=CC=CC=C1,C1=CCCC=C1,CC,C1=CC=CC=C1,CC,C,CC,C1=CC=CC=C1,C1=CCCC=C1,C1=CCCC=C1,CC,C1=CC=CC=C1,CC,C,CC,C1=CC=CC=C1,CC,C1=CC=CC=C1,CC,C1=CCCC=C1,C1=CC=CC=C1,CC,C1=CC=CC=C1,C=O,C,CC,C1=CC=CC=C1,CC,C1=CCCC=C1,C1=CC=CC=C1,C=O,C,CC,C1=CC=CC=C1,CC,C1=CCCC=C1,C1=CCCC=C1,CC,C1=CC=CC=C1,CC,C1=CCCC=C1,CC,C1=CC=CC=C1,C1=CC=CC=C1,CC,C1=CCCC=C1,C1=CC=CC=C1,CC,C1=CC=CC=C1,CC,C1=CC=CC=C1,CC,C1=CCCC=C1,C1=CC=CC=C1,CC,C1=CC=CC=C1,CC,C1=CCCC=C1,C1=CCCC=C1,CC,C1=CC=CC=C1,CC,C1=CCCC=C1,C1=CCCC=C1,C1=CCCC=C1,C1=CCCC=C1,C1=CC=CC=C1,CC,C1=CC=CC=C1,C1=CCCC=C1,C1=CCCC=C1,CC,C1=CC=CC=C1,C=O,C,CC,C1=CC=CC=C1,C1=CC=CC=C1,C1=CCCC=C1,C1=CCCC=C1
91345429	CO,CC,C,CC,CN,CN,C,CC,C1=CC=CC=C1,CC,C,CN,CN,CC,C,CC,CO,CO,CC,C,CC,CN,CN,C,CC,C1=CC=CC=C1,CC,C,CN,CN,CC,C,CO,CO,C,CC,CN,CN,C,CC,C1=CC=CC=C1,CC,C,CN,CN,CC,C,CC,CO,CC,C,CO,NO,N,CN,C1=CC=CC=C1,CC,C,CN,CN,CC,C,CC,CO,CC,C,CO,NO,N,CN,C1=CC=CC=C1,CC,C,CN,CN,CC,C,CC,CO,C=O,C,CO,NO,N,CN,C1=CC=CC=C1,CC,C,CN,CN,CC,C,CC,CO,C=O,C,CO,NO,N,CN,C1=CC=CC=C1,CC,C,CN,CN,CC,C,CC,CO,CO,C,CC,CN,CN,C,CC,C1=CC=CC=C1,CC,C,CN,CN,CC,C,CO,CC,C,CO,NO,N,CN,C1=CC=CC=C1,CC,C,CN,CN,CC,C,CO,CC,C,CO,NO,N,CN,C1=CC=CC=C1,CC,C,CN,CN,CC,C,CO,C=O,C,CO,NO,N,CN,C1=CC=CC=C1,CC,C,CN,CN,CC,C,CO,C=O,C,CO,NO,N,CN,C1=CC=CC=C1,CC,C,CN,CN,CC,C,CO,CN,N,CN,C1=CC=CC=C1,CC,C,CN,CN,CC,C,CC,CO,CN,N,CN,C1=CC=CC=C1,CC,C,CN,CN,CC,C,CC,CO,C=O,C,CC,C1=CC=CC=C1,CC,C,CN,CN,CC,C,CC,CO,CO,CC,C,CC,CN,CN,C,CC,C1=CC=CC=C1,CC,C,C=O,CN,N,CN,C1=CC=CC=C1,CC,C,CN,CN,CC,C,CO,CN,N,CN,C1=CC=CC=C1,CC,C,CN,CN,CC,C,CO,C=O,C,CC,C1=CC=CC=C1,CC,C,CN,CN,CC,C,CO,CO,C,CC,CN,CN,C,CC,C1=CC=CC=C1,CC,C,C=O,CC,C,CO,NO,N,CN,C1=CC=CC=C1,CC,C,C=O,CC,C,CO,NO,N,CN,C1=CC=CC=C1,CC,C,C=O,C=O,C,CO,NO,N,CN,C1=CC=CC=C1,CC,C,C=O,C=O,C,CO,NO,N,CN,C1=CC=CC=C1,CC,C,C=O,CI,C1=CC=CC=C1,CC,C,CN,CN,CC,C,CC,CO,CI,C1=CC=CC=C1,CC,C,CN,CN,CC,C,CC,CO,CO,CC,C,CC,CN,CN,C,CC,C1=CC=CC=C1,CI,CO,CC,C,CC,CN,CN,C,CC,C1=CC=CC=C1,CI,CI,C1=CC=CC=C1,CC,C,CN,CN,CC,C,CC,CO,CO,CC,C,CC,CN,CN,C,CC,C1=CC=CC=C1,CI,CI,C1=CC=CC=C1,CC,C,CN,CN,CC,C,CO,CI,C1=CC=CC=C1,CC,C,CN,CN,CC,C,CO,CO,C,CC,CN,CN,C,CC,C1=CC=CC=C1,CI,CO,C,CC,CN,CN,C,CC,C1=CC=CC=C1,CI,CI,C1=CC=CC=C1,CC,C,CN,CN,CC,C,CO,CO,C,CC,CN,CN,C,CC,C1=CC=CC=C1,CI,CC,C,CO,NO,N,CN,C1=CC=CC=C1,CI,CC,C,CO,NO,N,CN,C1=CC=CC=C1,CI,CC,C,CO,NO,N,CN,C1=CC=CC=C1,CI,C=O,C,CO,NO,N,CN,C1=CC=CC=C1,CI,C=O,C,CO,NO,N,CN,C1=CC=CC=C1,CI,C=O,C,CO,NO,N,CN,C1=CC=CC=C1,CI,CN,N,CN,C1=CC=CC=C1,CC,C,C=O,CN,N,CN,C1=CC=CC=C1,CC,C,C=O,C=O,C,CC,C1=CC=CC=C1,CC,C,C=O,C=O,C,CN,CN,CC,C,CC,CO,C=O,C,CN,CN,CC,C,CC,CO,C=O,C,CN,CN,CC,C,CO,C=O,C,CN,CN,CC,C,CO,CN,N,CN,C1=CC=CC=C1,CI,CN,N,CN,C1=CC=CC=C1,CI,CN,N,CN,C1=CC=CC=C1,CI,CI,C1=CC=CC=C1,CC,C,C=O,CI,C1=CC=CC=C1,CC,C,C=O,C=O,C,CC,C1=CC=CC=C1,CI,C=O,C,CC,C1=CC=CC=C1,CI,CI,C1=CC=CC=C1,CC,C,C=O,C=O,C,CC,C1=CC=CC=C1,CI,CC,C,CO,NO,N,CN,C=O,C,CO,NO,N,CN,CI,C1=CC=CC=C1,CI,CI,C1=CC=CC=C1,CI,CI,C1=CC=CC=C1,CI,CO,CC,C,CO,CO,CC,C,CO,CC,C,C=O
91549607	CF,C,CC,C1=CC=CC=C1,CC,CC,C,CN,N,CN,C,CN,C1CCNCC1,CN,C1CNCCN1,CN,C,C=O,CF,C,CC,C1=CC=CC=C1,CC,CC,C,CN,N,CN,C,CN,C1CCNCC1,CN,C1CNCCN1,CN,C,CC,CF,C,CC,C1=CC=CC=C1,CC,CC,C,CN,N,CN,C,CN,C1CCNCC1,CN,C1CNCCN1,CN,C,C=O,CF,C,CC,C1=CC=CC=C1,CC,CC,C,CN,N,CN,C,CN,C1CCNCC1,CN,C1CNCCN1,CN,C,CC,CF,C,CC,C1=CC=CC=C1,CC,CC,C,CN,N,CN,C,CN,C1CCNCC1,CN,C1CNCCN1,CN,C,C=O,CF,C,CC,C1=CC=CC=C1,CC,CC,C,CN,N,CN,C,CN,C1CCNCC1,CN,C1CNCCN1,CN,C,CC,CF,C,CC,C1=CC=CC=C1,CC,CC,C,CN,N,CN,C,CN,C1CCNCC1,CN,C1CNCCN1,CN,C,C=O,CF,C,CC,C1=CC=CC=C1,CC,CC,C,CN,N,CN,C,CN,C1CCNCC1,CN,C1CNCCN1,CN,C,CC,CF,C,CC,C1=CC=CC=C1,CC,CC,C,CN,N,CN,C,CN,C1CCNCC1,CN,C1CNCCN1,CN,C,C=O,CF,C,CC,C1=CC=CC=C1,CC,CC,C,CN,N,CN,C,CN,C1CCNCC1,CN,C1CNCCN1,CN,C,CC,CF,C,CC,C1=CC=CC=C1,CC,CC,C,CN,N,CN,C,CN,C1CCNCC1,CN,C1CNCCN1,CN,C,C=O,CF,C,CC,C1=CC=CC=C1,CC,CC,C,CN,N,CN,C,CN,C1CCNCC1,CN,C1CNCCN1,CN,C,CC,CF,C,CC,C1=CC=CC=C1,CC,CC,C,CN,N,CN,C,CN,C1CCNCC1,CN,C1CNCCN1,C,CO,CF,C,CC,C1=CC=CC=C1,CC,CC,C,CN,N,CN,C,CN,C1CCNCC1,CN,C1CNCCN1,C,CO,CF,C,CC,C1=CC=CC=C1,CC,CC,C,CN,N,CN,C,CN,C1CCNCC1,CN,C1CNCCN1,C,CO,CF,C,CC,C1=CC=CC=C1,CC,CC,C,CN,N,CN,C,CN,C1CCNCC1,CN,C1CNCCN1,C,CO,CF,C,CC,C1=CC=CC=C1,CC,CC,C,CN,N,CN,C,CN,C1CCNCC1,CN,C1CNCCN1,C,CO,CF,C,CC,C1=CC=CC=C1,CC,CC,C,CN,N,CN,C,CN,C1CCNCC1,CN,C1CNCCN1,C,CO,CF,C,CC,C1=CC=CC=C1,CC,CC,C,CN,N,CN,C,CN,C1CCNCC1,CN,C1CNCCN1,C,CO,CF,C,CC,C1=CC=CC=C1,CC,CC,C,CN,N,CN,C,CN,C1CCNCC1,CN,C1CNCCN1,C,CO,CF,C,CC,C1=CC=CC=C1,CC,CC,C,CN,N,CN,C,CN,C1CCNCC1,CN,C1CNCCN1,C,CO,CF,C,CC,C1=CC=CC=C1,CC,CC,C,CN,N,CN,C,CN,C1CCNCC1,CN,C1CNCCN1,C,CO,CF,C,CC,C1=CC=CC=C1,CC,CC,C,CN,N,CN,C,CN,C1CCNCC1,CN,C1CNCCN1,C,CO,CF,C,CC,C1=CC=CC=C1,CC,CC,C,CN,N,CN,C,CN,C1CCNCC1,CN,C1CNCCN1,C,CO,CF,C,CC,C1=CC=CC=C1,CC,CC,C,CN,N,CN,C,CN,C1CCNCC1,CN,C1CNCCN1,C,CO,CF,C,CC,C1=CC=CC=C1,CC,CC,C,CN,N,CN,C,CN,C1CCNCC1,CN,C1CNCCN1,C,CO,CF,C,CC,C1=CC=CC=C1,CC,CC,C,CN,N,CN,C,CN,C1CCNCC1,CN,C1CNCCN1,C,CO,CF,C,CC,C1=CC=CC=C1,CC,CC,C,CN,N,CN,C,CN,C1CCNCC1,CN,C1CNCCN1,C,CO,CF,C,CC,C1=CC=CC=C1,CC,CC,C,CN,N,CN,C,CN,C1CCNCC1,CN,C1CNCCN1,C,CO,CF,C,CC,C1=CC=CC=C1,CC,CC,C,CN,N,CN,C,CN,C1CCNCC1,CN,C1CNCCN1,C,CO,CF,C,CC,C1=CC=CC=C1,CC,CC,C,CN,N,CN,C,CN,C1CCNCC1,CN,C1CNCCN1,C,CO,CF,C,CC,C1=CC=CC=C1,CC,CC,C,CN,N,CN,C,CN,C1CCNCC1,CN,C1CNCCN1,C,CO,CF,C,CC,C1=CC=CC=C1,CC,CC,C,CN,N,CN,C,CN,C1CCNCC1,CN,C1CNCCN1,C,CO,CF,C,CC,C1=CC=CC=C1,CC,CC,C,CN,N,CN,C,CN,C1CCNCC1,CN,C1CNCCN1,C,CO,CF,C,CC,C1=CC=CC=C1,CC,CC,C,CN,N,CN,C,CN,C1CCNCC1,CN,C1CNCCN1,C,CO,CF,C,CC,C1=CC=CC=C1,CC,CC,C,CN,N,CN,C,CN,C1CCNCC1,CN,C1CNCCN1,C,CO,CF,C,CC,C1=CC=CC=C1,CC,CC,C,CN,N,CN,C,CN,C1CCNCC1,CN,C1CNCCN1,C,CO,CF,C,CC,C1=CC=CC=C1,CC,CC,C,CN,N,CN,C,CN,C1CCNCC1,CN,C1CNCCN1,C,CO,CF,C,CC,C1=CC=CC=C1,CC,CC,C,CN,N,CN,C,CN,C1CCNCC1,CN,C1CNCCN1,C,CO,CF,C,CC,C1=CC=CC=C1,CC,CC,C,CN,N,CN,C,CN,C1CCNCC1,CN,C1CNCCN1,C,CO,CF,C,CC,C1=CC=CC=C1,CC,CC,C,CN,N,CN,C,CN,C1CCNCC1,CN,C1CNCCN1,C,CO,CF,C,CC,C1=CC=CC=C1,CC,CC,C,CN,N,CN,C,CN,C1CCNCC1,CN,C1CNCCN1,C,CO,CF,C,CC,C1=CC=CC=C1,CC,CC,C,CN,N,CN,C,CN,C1CCNCC1,CN,C1CNCCN1,C,CO,CF,C,CC,C1=CC=CC=C1,CC,CC,C,CN,N,CN,C,CN,C1CCNCC1,CN,C1CNCCN1,C,CO,CF,C,CC,C1=CC=CC=C1,CC,CC,C,CN,N,CN,C,CN,C1CCNCC1,CN,C1CNCCN1,C,CO,CF,C,CC,C1=CC=CC=C1,CC,CC,C,CN,N,CN,C,CN,C1CCNCC1,CN,C1CNCCN1,C,CO,CF,C,CC,C1=CC=CC=C1,CC,CC,C,CN,N,CN,C,CN,C1CCNCC1,CN,C1CNCCN1,C,CO,CF,C,CC,C1=CC=CC=C1,CC,CC,C,CN,N,CN,C,CN,C1CCNCC1,CN,C1CNCCN1,C,CO,CF,C,CC,C1=CC=CC=C1,CC,CC,C,CN,N,CN,C,CN,C1CCNCC1,CN,C1CNCCN1,C,CO,CF,C,CC,C1=CC=CC=C1,CC,CC,C,CN,N,CN,C,CN,C1CCNCC1,CN,C1CNCCN1,C,CO,CF,C,CC,C1=CC=CC=C1,CC,CC,C,CN,N,CN,C,CN,C1CCNCC1,CN,C1CNCCN1,C,CO,CF,C,CC,C1=CC=CC=C1,CC,CC,C,CN,N,CN,C,CN,C1CCNCC1,CN,C1CNCCN1,C,CO,CF,C,CC,C1=CC=CC=C1,CC,CC,C,CN,N,CN,C,CN,C1CCNCC1,CN,C1CNCCN1,C,CO,CF,C,CC,C1=CC=CC=C1,CC,CC,C,CN,N,CN,C,CN,C1CCNCC1,CN,C1CNCCN1,C,CO,CF,C,CC,C1=CC=CC=C1,CC,CC,C,CN,N,CN,C,CN,C1CCNCC1,CN,C1CNCCN1,C,CO,CF,C,CC,C1=CC=CC=C1,CC,CC,C,CN,N,CN,C,CN,C1CCNCC1,CN,C1CNCCN1,C,CO,CF,C,CC,C1=CC=CC=C1,CC,CC,C,CN,N,CN,C,CN,C1CCNCC1,CN,C1CNCCN1,C,CO,CF,C,CC,C1=CC=CC=C1,CC,CC,C,CN,N,CN,C,CN,C1CCNCC1,CN,C1CNCCN1,C,CO,CF,C,CC,C1=CC=CC=C1,CC,CC,C,CN,N,CN,C,CN,C1CCNCC1,CN,C1CNCCN1,C,CO,CF,C,CC,C1=CC=CC=C1,CC,CC,C,CN,N,CN,C,CN,C1CCNCC1,CN,C1CNCCN1,C,CO,CC,C1=CCCC=C1,CC,C1CCNCC1,CN,C,CN,N,CN,C,CC,CC,C1=CC=CC=C1,CC,C,CF,CC,C1=CCCC=C1,CC,C1CCNCC1,CN,C,CN,N,CN,C,CC,CC,C1=CC=CC=C1,CC,C,CF,CC,C1=CCCC=C1,CC,C1CCNCC1,CN,C,CN,N,CN,C,CC,CC,C1=CC=CC=C1,CC,C,CF,CC,C1=CCCC=C1,CC,C1CCNCC1,CN,C,CN,N,CN,C,CC,CC,C1=CC=CC=C1,CC,C,CF,CC,C1=CCCC=C1,CC,C1CCNCC1,CN,C,CN,N,CN,C,CC,CC,C1=CC=CC=C1,CC,C,CF,CC,C1=CCCC=C1,CC,C1CCNCC1,CN,C,CN,N,CN,C,CC,CC,C1=CC=CC=C1,CC,C,CF,CF,C,CC,C1=CC=CC=C1,CC,CC,C,CN,N,CN,C,CN,C1CCNCC1,CC,C1=CCCC=C1,CF,CF,C,CC,C1=CC=CC=C1,CC,CC,C,CN,N,CN,C,CN,C1CCNCC1,CC,C1=CCCC=C1,CF,CF,C,CC,C1=CC=CC=C1,CC,CC,C,CN,N,CN,C,CN,C1CCNCC1,CC,C1=CCCC=C1,CF,CF,C,CC,C1=CC=CC=C1,CC,CC,C,CN,N,CN,C,CN,C1CCNCC1,CC,C1=CCCC=C1,CF,CF,C,CC,C1=CC=CC=C1,CC,CC,C,CN,N,CN,C,CN,C1CCNCC1,CC,C1=CCCC=C1,CF,CF,C,CC,C1=CC=CC=C1,CC,CC,C,CN,N,CN,C,CN,C1CCNCC1,CC,C1=CCCC=C1,CF,CC,C,CN,N,CN,C,CN,C1CCNCC1,CN,C1CNCCN1,CN,C,C=O,CC,C,CN,N,CN,C,CN,C1CCNCC1,CN,C1CNCCN1,CN,C,CC,CO,C,CN,N,CN,C,CN,C1CCNCC1,CN,C1CNCCN1,CN,C,C=O,CO,C,CN,N,CN,C,CN,C1CCNCC1,CN,C1CNCCN1,CN,C,CC,CC,C,CN,N,CN,C,CN,C1CCNCC1,CN,C1CNCCN1,C,CO,CC,C,CN,N,CN,C,CN,C1CCNCC1,CN,C1CNCCN1,C,CO,CC,C,CN,N,CN,C,CN,C1CCNCC1,CN,C1CNCCN1,C,CO,CC,C,CN,N,CN,C,CN,C1CCNCC1,CN,C1CNCCN1,C,CO,CC,C,CN,N,CN,C,CN,C1CCNCC1,CN,C1CNCCN1,C,CO,CC,C,CN,N,CN,C,CN,C1CCNCC1,CN,C1CNCCN1,C,CO,CC,C,CN,N,CN,C,CN,C1CCNCC1,CN,C1CNCCN1,C,CO,CC,C,CN,N,CN,C,CN,C1CCNCC1,CN,C1CNCCN1,C,CO,CO,C,CN,N,CN,C,CN,C1CCNCC1,CN,C1CNCCN1,C,CO,CO,C,CN,N,CN,C,CN,C1CCNCC1,CN,C1CNCCN1,C,CO,CO,C,CN,N,CN,C,CN,C1CCNCC1,CN,C1CNCCN1,C,CO,CO,C,CN,N,CN,C,CN,C1CCNCC1,CN,C1CNCCN1,C,CO,CO,C,CN,N,CN,C,CN,C1CCNCC1,CN,C1CNCCN1,C,CO,CO,C,CN,N,CN,C,CN,C1CCNCC1,CN,C1CNCCN1,C,CO,CO,C,CN,N,CN,C,CN,C1CCNCC1,CN,C1CNCCN1,C,CO,CO,C,CN,N,CN,C,CN,C1CCNCC1,CN,C1CNCCN1,C,CO,C=O,C,CN,N,CN,C,CC,CC,C1=CC=CC=C1,CC,C,CF,C=O,C,CN,N,CN,C,CC,CC,C1=CC=CC=C1,CC,C,CF,C=O,C,CN,N,CN,C,CC,CC,C1=CC=CC=C1,CC,C,CF,C=O,C,CN,N,CN,C,CC,CC,C1=CC=CC=C1,CC,C,CF,C=O,C,CN,N,CN,C,CC,CC,C1=CC=CC=C1,CC,C,CF,C=O,C,CN,N,CN,C,CC,CC,C1=CC=CC=C1,CC,C,CF,CN,N,CN,C,CN,C1CCNCC1,CN,C1CNCCN1,CN,C,C=O,CN,N,CN,C,CN,C1CCNCC1,CN,C1CNCCN1,CN,C,CC,CC,C1=CCCC=C1,CC,C1CCNCC1,CN,C,CN,N,CN,C,CC,CC,C1=CCCC=C1,CC,C1CCNCC1,CN,C,CN,N,CN,C,CO,CC,C,CN,N,CN,C,CN,C1CCNCC1,CC,C1=CCCC=C1,CF,CO,C,CN,N,CN,C,CN,C1CCNCC1,CC,C1=CCCC=C1,CF,CN,N,CN,C,CN,C1CCNCC1,CN,C1CNCCN1,C,CO,CN,N,CN,C,CN,C1CCNCC1,CN,C1CNCCN1,C,CO,CN,N,CN,C,CN,C1CCNCC1,CN,C1CNCCN1,C,CO,CN,N,CN,C,CN,C1CCNCC1,CN,C1CNCCN1,C,CO,CN,N,CN,C,CN,C1CCNCC1,CN,C1CNCCN1,C,CO,CN,N,CN,C,CN,C1CCNCC1,CN,C1CNCCN1,C,CO,CN,N,CN,C,CN,C1CCNCC1,CN,C1CNCCN1,C,CO,CN,N,CN,C,CN,C1CCNCC1,CN,C1CNCCN1,C,CO,CN,N,CN,C,CC,CC,C1=CC=CC=C1,CC,C,CF,CN,N,CN,C,CC,CC,C1=CC=CC=C1,CC,C,CF,CN,N,CN,C,CC,CC,C1=CC=CC=C1,CC,C,CF,CN,N,CN,C,CC,CC,C1=CC=CC=C1,CC,C,CF,CN,N,CN,C,CC,CC,C1=CC=CC=C1,CC,C,CF,CN,N,CN,C,CC,CC,C1=CC=CC=C1,CC,C,CF,CC,C1=CCCC=C1,CC,C1CCNCC1,CN,C1CNCCN1,CN,C,C=O,CC,C1=CCCC=C1,CC,C1CCNCC1,CN,C1CNCCN1,CN,C,CC,C=O,C,CN,C1CNCCN1,CN,C1CCNCC1,CC,C1=CCCC=C1,CF,CC,C,CN,C1CNCCN1,CN,C1CCNCC1,CC,C1=CCCC=C1,CF,C=O,C,CN,C1CCNCC1,CN,C1CNCCN1,CN,C,C=O,C=O,C,CN,C1CCNCC1,CN,C1CNCCN1,CN,C,CC,CC,C1=CCCC=C1,CC,C1CCNCC1,CN,C1CNCCN1,C,CO,CC,C1=CCCC=C1,CC,C1CCNCC1,CN,C1CNCCN1,C,CO,CC,C1=CCCC=C1,CC,C1CCNCC1,CN,C1CNCCN1,C,CO,CC,C1=CCCC=C1,CC,C1CCNCC1,CN,C1CNCCN1,C,CO,CC,C1=CCCC=C1,CC,C1CCNCC1,CN,C1CNCCN1,C,CO,CC,C1=CCCC=C1,CC,C1CCNCC1,CN,C1CNCCN1,C,CO,CC,C1=CCCC=C1,CC,C1CCNCC1,CN,C1CNCCN1,C,CO,CC,C1=CCCC=C1,CC,C1CCNCC1,CN,C1CNCCN1,C,CO,CO,C,C1CNCCN1,CN,C1CCNCC1,CC,C1=CCCC=C1,CF,CO,C,C1CNCCN1,CN,C1CCNCC1,CC,C1=CCCC=C1,CF,CO,C,C1CNCCN1,CN,C1CCNCC1,CC,C1=CCCC=C1,CF,CO,C,C1CNCCN1,CN,C1CCNCC1,CC,C1=CCCC=C1,CF,CO,C,C1CNCCN1,CN,C1CCNCC1,CC,C1=CCCC=C1,CF,CO,C,C1CNCCN1,CN,C1CCNCC1,CC,C1=CCCC=C1,CF,CO,C,C1CNCCN1,CN,C1CCNCC1,CC,C1=CCCC=C1,CF,CO,C,C1CNCCN1,CN,C1CCNCC1,CC,C1=CCCC=C1,CF,C=O,C,CN,C1CCNCC1,CN,C1CNCCN1,C,CO,C=O,C,CN,C1CCNCC1,CN,C1CNCCN1,C,CO,C=O,C,CN,C1CCNCC1,CN,C1CNCCN1,C,CO,C=O,C,CN,C1CCNCC1,CN,C1CNCCN1,C,CO,C=O,C,CN,C1CCNCC1,CN,C1CNCCN1,C,CO,C=O,C,CN,C1CCNCC1,CN,C1CNCCN1,C,CO,C=O,C,CN,C1CCNCC1,CN,C1CNCCN1,C,CO,C=O,C,CN,C1CCNCC1,CN,C1CNCCN1,C,CO,CC,C1=CCCC=C1,CC,C1CCNCC1,CN,C,CN,N,CN,CN,N,CN,C,CN,C1CCNCC1,CC,C1=CCCC=C1,CF,CC,C,CC,CC,C1=CC=CC=C1,CC,C,CF,CC,C,CC,CC,C1=CC=CC=C1,CC,C,CF,CC,C,CC,CC,C1=CC=CC=C1,CC,C,CF,CC,C,CC,CC,C1=CC=CC=C1,CC,C,CF,CC,C,CC,CC,C1=CC=CC=C1,CC,C,CF,CC,C,CC,CC,C1=CC=CC=C1,CC,C,CF,CF,C,CC,C1=CC=CC=C1,CC,CC,C,CO,CF,C,CC,C1=CC=CC=C1,CC,CC,C,CO,CF,C,CC,C1=CC=CC=C1,CC,CC,C,CO,CF,C,CC,C1=CC=CC=C1,CC,CC,C,CO,CF,C,CC,C1=CC=CC=C1,CC,CC,C,CO,CF,C,CC,C1=CC=CC=C1,CC,CC,C,CO,CF,C,CC,C1=CC=CC=C1,CC,C,CF,CF,C,CC,C1=CC=CC=C1,CC,C,CF,CF,C,CC,C1=CC=CC=C1,CC,C,CF,CF,C,CC,C1=CC=CC=C1,CC,C,CF,CF,C,CC,C1=CC=CC=C1,CC,C,CF,CF,C,CC,C1=CC=CC=C1,CC,C,CF,CF,C,CC,C1=CC=CC=C1,CC,C,CF,CF,C,CC,C1=CC=CC=C1,CC,C,CF,CF,C,CC,C1=CC=CC=C1,CC,C,CF,CO,C,C1CNCCN1,CN,C,C=O,CO,C,C1CNCCN1,CN,C,CC,CO,C,C1CNCCN1,CN,C,C=O,CO,C,C1CNCCN1,CN,C,CC,CO,C,C1CNCCN1,CN,C,C=O,CO,C,C1CNCCN1,CN,C,CC,CO,C,C1CNCCN1,CN,C,C=O,CO,C,C1CNCCN1,CN,C,CC,C=O,C,CN,C1CNCCN1,C,CO,C=O,C,CN,C1CNCCN1,C,CO,C=O,C,CN,C1CNCCN1,C,CO,C=O,C,CN,C1CNCCN1,C,CO,CC,C,CN,C1CNCCN1,C,CO,CC,C,CN,C1CNCCN1,C,CO,CC,C,CN,C1CNCCN1,C,CO,CC,C,CN,C1CNCCN1,C,CO,C=O,C,CN,N,CN,C,CC,C=O,C,CN,N,CN,C,CO,CC,C1=CCCC=C1,CC,C1CCNCC1,CN,C,C=O,C=O,C,CN,C1CCNCC1,CC,C1=CCCC=C1,CF,CO,C,C1CNCCN1,C,CO,CO,C,C1CNCCN1,C,CO,CO,C,C1CNCCN1,C,CO,CO,C,C1CNCCN1,C,CO,CO,C,C1CNCCN1,C,CO,CO,C,C1CNCCN1,C,CO,CO,C,C1CNCCN1,C,CO,CO,C,C1CNCCN1,C,CO,CO,C,C1CNCCN1,C,CO,CO,C,C1CNCCN1,C,CO,CO,C,C1CNCCN1,C,CO,CO,C,C1CNCCN1,C,CO,CO,C,C1CNCCN1,C,CO,CO,C,C1CNCCN1,C,CO,CO,C,C1CNCCN1,C,CO,CO,C,C1CNCCN1,C,CO,CO,C,C1CNCCN1,C,CO,CO,C,C1CNCCN1,C,CO,CO,C,C1CNCCN1,C,CO,CO,C,C1CNCCN1,C,CO,CO,C,C1CNCCN1,C,CO,CO,C,C1CNCCN1,C,CO,CO,C,C1CNCCN1,C,CO,CO,C,C1CNCCN1,C,CO,CN,N,CN,C,CC,CN,N,CN,C,CO,C=O,C,CN,N,CN,CC,C,CO,CF,C,CF,CF,C,CF,CF,C,CF,CF,C,CF,CF,C,CF,CF,C,CF,CC,C1=CCCC=C1,CF,CO,C,CO,CO,C,CO,C=O,C,CC,CO,C,CO,CO,C,CO
91804113	CC,CC,CC,CC,CC,CC,CC,CC,CC,CC,CC,CC,CC,CS,CS,C1=CC=CC=C1,CS,CS,CC,CC,CC,CC,CC,CC,CC,CC,CC,CC,CC,CC,CC,CC,CC,CC,CC,CC,CC,CC,CC,CC,CC,CC,CC,CC,CS,CS,C1=CC=CC=C1,CS,CS,CC,CC,CC,CC,CC,CC,CC,CC,CC,CC,CC,CC,CC,CC,CC,CC,CC,CC,CC,CC,CC,CC,CC,CC,CC,CC,CS,CS,C1=CC=CC=C1,CS,CS,CC,CC,CC,CC,CC,CC,CC,CC,CC,CC,CC,CC,CC,CC,CC,CC,CC,CC,CC,CC,CC,CC,CC,CC,CC,CC,CS,CS,C1=CC=CC=C1,CC,CC,CC,CC,CC,CC,CC,CC,CC,CC,CC,CC,CC,CC,CS,CS,C1=CC=CC=C1,CC,CC,CC,CC,CC,CC,CC,CC,CC,CC,CC,CC,CC,CC,CS,CS,C1=CC=CC=C1,CC
87644329	CF,C1=CC=CC=C1,CP,P,CP,CC,CC,CP,P,CP,C1=CC=CC=C1,CF,CF,C1=CC=CC=C1,CP,P,CP,CC,CC,CP,P,CP,C1=CC=CC=C1,CF,CF,C1=CC=CC=C1,CP,P,CP,CC,CC,CP,P,CP,C1=CC=CC=C1,CF,CF,C1=CC=CC=C1,CP,P,CP,CC,CC,CP,P,CP,C1=CC=CC=C1,CF,CF,C1=CC=CC=C1,CP,P,CP,CC,CC,CP,P,CP,C1=CC=CC=C1,CF,CF,C1=CC=CC=C1,CP,P,CP,CC,CC,CP,P,CP,C1=CC=CC=C1,CF,CF,C1=CC=CC=C1,CP,P,CP,CC,CC,CP,P,CP,C1=CC=CC=C1,CF,CF,C1=CC=CC=C1,CP,P,CP,CC,CC,CP,P,CP,C1=CC=CC=C1,CF,CF,C1=CC=CC=C1,CP,P,CP,CC,CC,CP,P,CP,C1=CC=CC=C1,CF,CF,C1=CC=CC=C1,CP,P,CP,CC,CC,CP,P,CP,C1=CC=CC=C1,CF,CF,C1=CC=CC=C1,CP,P,CP,CC,CC,CP,P,CP,C1=CC=CC=C1,CF,CF,C1=CC=CC=C1,CP,P,CP,CC,CC,CP,P,CP,C1=CC=CC=C1,CF,CF,C1=CC=CC=C1,CP,P,CP,CC,CC,CP,P,CP,C1=CC=CC=C1,CF,CF,C1=CC=CC=C1,CP,P,CP,CC,CC,CP,P,CP,C1=CC=CC=C1,CF,CF,C1=CC=CC=C1,CP,P,CP,CC,CC,CP,P,CP,C1=CC=CC=C1,CF,CF,C1=CC=CC=C1,CP,P,CP,CC,CC,CP,P,CP,C1=CC=CC=C1,CF,CF,C1=CC=CC=C1,CP,P,CP,CC,CC,CP,P,CP,C1=CC=CC=C1,CF,CF,C1=CC=CC=C1,CP,P,CP,CC,CC,CP,P,CP,C1=CC=CC=C1,CF,CF,C1=CC=CC=C1,CP,P,CP,CC,CC,CP,P,CP,C1=CC=CC=C1,CF,CF,C1=CC=CC=C1,CP,P,CP,CC,CC,CP,P,CP,C1=CC=CC=C1,CF,CF,C1=CC=CC=C1,CP,P,CP,CC,CC,CP,P,CP,C1=CC=CC=C1,CF,CF,C1=CC=CC=C1,CP,P,CP,CC,CC,CP,P,CP,C1=CC=CC=C1,CF,CF,C1=CC=CC=C1,CP,P,CP,CC,CC,CP,P,CP,C1=CC=CC=C1,CF,CF,C1=CC=CC=C1,CP,P,CP,CC,CC,CP,P,CP,C1=CC=CC=C1,CF,CF,C1=CC=CC=C1,CP,P,CP,CC,CC,CP,P,CP,C1=CC=CC=C1,CF,CF,C1=CC=CC=C1,CP,P,CP,CC,CC,CP,P,CP,C1=CC=CC=C1,CF,CF,C1=CC=CC=C1,CP,P,CP,CC,CC,CP,P,CP,C1=CC=CC=C1,CF,CF,C1=CC=CC=C1,CP,P,CP,CC,CC,CP,P,CP,C1=CC=CC=C1,CF,CF,C1=CC=CC=C1,CP,P,CP,CC,CC,CP,P,CP,C1=CC=CC=C1,CF,CF,C1=CC=CC=C1,CP,P,CP,CC,CC,CP,P,CP,C1=CC=CC=C1,CF,CF,C1=CC=CC=C1,CP,P,CP,CC,CC,CP,P,CP,C1=CC=CC=C1,CF,CF,C1=CC=CC=C1,CP,P,CP,CC,CC,CP,P,CP,C1=CC=CC=C1,CF,CF,C1=CC=CC=C1,CP,P,CP,CC,CC,CP,P,CP,C1=CC=CC=C1,CF,CF,C1=CC=CC=C1,CP,P,CP,CC,CC,CP,P,CP,C1=CC=CC=C1,CF,CF,C1=CC=CC=C1,CP,P,CP,CC,CC,CP,P,CP,C1=CC=CC=C1,CF,CF,C1=CC=CC=C1,CP,P,CP,CC,CC,CP,P,CP,C1=CC=CC=C1,CF,CF,C1=CC=CC=C1,CP,P,CP,CC,CC,CP,P,CP,C1=CC=CC=C1,CF,CF,C1=CC=CC=C1,CP,P,CP,CC,CC,CP,P,CP,C1=CC=CC=C1,CF,CF,C1=CC=CC=C1,CP,P,CP,CC,CC,CP,P,CP,C1=CC=CC=C1,CF,CF,C1=CC=CC=C1,CP,P,CP,CC,CC,CP,P,CP,C1=CC=CC=C1,CF,CF,C1=CC=CC=C1,CP,P,CP,CC,CC,CP,P,CP,C1=CC=CC=C1,CF,CF,C1=CC=CC=C1,CP,P,CP,CC,CC,CP,P,CP,C1=CC=CC=C1,CF,CF,C1=CC=CC=C1,CP,P,CP,CC,CC,CP,P,CP,C1=CC=CC=C1,CF,CF,C1=CC=CC=C1,CP,P,CP,CC,CC,CP,P,CP,C1=CC=CC=C1,CF,CF,C1=CC=CC=C1,CP,P,CP,CC,CC,CP,P,CP,C1=CC=CC=C1,CF,CF,C1=CC=CC=C1,CP,P,CP,CC,CC,CP,P,CP,C1=CC=CC=C1,CF,CF,C1=CC=CC=C1,CP,P,CP,CC,CC,CP,P,CP,C1=CC=CC=C1,CF,CF,C1=CC=CC=C1,CP,P,CP,CC,CC,CP,P,CP,C1=CC=CC=C1,CF,CF,C1=CC=CC=C1,CP,P,CP,CC,CC,CP,P,CP,C1=CC=CC=C1,CF,CF,C1=CC=CC=C1,CP,P,CP,CC,CC,CP,P,CP,C1=CC=CC=C1,CF,CF,C1=CC=CC=C1,CP,P,CP,CC,CC,CP,P,CP,C1=CC=CC=C1,CF,CF,C1=CC=CC=C1,CP,P,CP,CC,CC,CP,P,CP,C1=CC=CC=C1,CF,CF,C1=CC=CC=C1,CP,P,CP,CC,CC,CP,P,CP,C1=CC=CC=C1,CF,CF,C1=CC=CC=C1,CP,P,CP,CC,CC,CP,P,CP,C1=CC=CC=C1,CF,CF,C1=CC=CC=C1,CP,P,CP,CC,CC,CP,P,CP,C1=CC=CC=C1,CF,CF,C1=CC=CC=C1,CP,P,CP,CC,CC,CP,P,CP,C1=CC=CC=C1,CF,CF,C1=CC=CC=C1,CP,P,CP,CC,CC,CP,P,CP,C1=CC=CC=C1,CF,CF,C1=CC=CC=C1,CP,P,CP,CC,CC,CP,P,CP,C1=CC=CC=C1,CF,CF,C1=CC=CC=C1,CP,P,CP,CC,CC,CP,P,CP,C1=CC=CC=C1,CF,CF,C1=CC=CC=C1,CP,P,CP,CC,CC,CP,P,CP,C1=CC=CC=C1,CF,CF,C1=CC=CC=C1,CP,P,CP,CC,CC,CP,P,CP,C1=CC=CC=C1,CF,CF,C1=CC=CC=C1,CP,P,CP,CC,CC,CP,P,CP,C1=CC=CC=C1,CF,CF,C1=CC=CC=C1,CP,P,CP,CC,CC,CP,P,CP,C1=CC=CC=C1,CF,CF,C1=CC=CC=C1,CP,P,CP,CC,CC,CP,P,CP,C1=CC=CC=C1,CF,CF,C1=CC=CC=C1,CP,P,CP,CC,CC,CP,P,CP,C1=CC=CC=C1,CF,CF,C1=CC=CC=C1,CP,P,CP,CC,CC,CP,P,CP,C1=CC=CC=C1,CF,CF,C1=CC=CC=C1,CP,P,CP,CC,CC,CP,P,CP,C1=CC=CC=C1,CF,CF,C1=CC=CC=C1,CP,P,CP,CC,CC,CP,P,CP,C1=CC=CC=C1,CF,CF,C1=CC=CC=C1,CP,P,CP,CC,CC,CP,P,CP,C1=CC=CC=C1,CF,CF,C1=CC=CC=C1,CP,P,CP,CC,CC,CP,P,CP,C1=CC=CC=C1,CF,CF,C1=CC=CC=C1,CP,P,CP,CC,CC,CP,P,CP,C1=CC=CC=C1,CF,CF,C1=CC=CC=C1,CP,P,CP,CC,CC,CP,P,CP,C1=CC=CC=C1,CF,CF,C1=CC=CC=C1,CP,P,CP,CC,CC,CP,P,CP,C1=CC=CC=C1,CF,CF,C1=CC=CC=C1,CP,P,CP,CC,CC,CP,P,CP,C1=CC=CC=C1,CF,CF,C1=CC=CC=C1,CP,P,CP,CC,CC,CP,P,CP,C1=CC=CC=C1,CF,CF,C1=CC=CC=C1,CP,P,CP,CC,CC,CP,P,CP,C1=CC=CC=C1,CF,CF,C1=CC=CC=C1,CP,P,CP,CC,CC,CP,P,CP,C1=CC=CC=C1,CF,CF,C1=CC=CC=C1,CP,P,CP,CC,CC,CP,P,CP,C1=CC=CC=C1,CF,CF,C1=CC=CC=C1,CP,P,CP,CC,CC,CP,P,CP,C1=CC=CC=C1,CF,CF,C1=CC=CC=C1,CP,P,CP,CC,CC,CP,P,CP,C1=CC=CC=C1,CF,CF,C1=CC=CC=C1,CP,P,CP,CC,CC,CP,P,CP,C1=CC=CC=C1,CF,CF,C1=CC=CC=C1,CP,P,CP,CC,CC,CP,P,CP,C1=CC=CC=C1,CF,CF,C1=CC=CC=C1,CP,P,CP,CC,CC,CP,P,CP,C1=CC=CC=C1,CF,CF,C1=CC=CC=C1,CP,P,CP,CC,CC,CP,P,CP,C1=CC=CC=C1,CF,CF,C1=CC=CC=C1,CP,P,CP,CC,CC,CP,P,CP,C1=CC=CC=C1,CF,CF,C1=CC=CC=C1,CP,P,CP,CC,CC,CP,P,CP,C1=CC=CC=C1,CF,CF,C1=CC=CC=C1,CP,P,CP,CC,CC,CP,P,CP,C1=CC=CC=C1,CF,CF,C1=CC=CC=C1,CP,P,CP,CC,CC,CP,P,CP,C1=CC=CC=C1,CF,CF,C1=CC=CC=C1,CP,P,CP,CC,CC,CP,P,CP,C1=CC=CC=C1,CF,CF,C1=CC=CC=C1,CP,P,CP,CC,CC,CP,P,CP,C1=CC=CC=C1,CF,CF,C1=CC=CC=C1,CP,P,CP,CC,CC,CP,P,CP,C1=CC=CC=C1,CF,CF,C1=CC=CC=C1,CP,P,CP,CC,CC,CP,P,CP,C1=CC=CC=C1,CF,CF,C1=CC=CC=C1,CP,P,CP,CC,CC,CP,P,CP,C1=CC=CC=C1,CF,CF,C1=CC=CC=C1,CP,P,CP,CC,CC,CP,P,CP,C1=CC=CC=C1,CF,CF,C1=CC=CC=C1,CP,P,CP,CC,CC,CP,P,CP,C1=CC=CC=C1,CF,CF,C1=CC=CC=C1,CP,P,CP,CC,CC,CP,P,CP,C1=CC=CC=C1,CF,CF,C1=CC=CC=C1,CP,P,CP,CC,CC,CP,P,CP,C1=CC=CC=C1,CF,CF,C1=CC=CC=C1,CP,P,CP,CC,CC,CP,P,CP,C1=CC=CC=C1,CF,CF,C1=CC=CC=C1,CP,P,CP,CC,CC,CP,P,CP,C1=CC=CC=C1,CF,CF,C1=CC=CC=C1,CP,P,CP,CC,CC,CP,P,CP,C1=CC=CC=C1,CF,CF,C1=CC=CC=C1,CP,P,CP,C1=CC=CC=C1,CF,CF,C1=CC=CC=C1,CP,P,CP,C1=CC=CC=C1,CF,CF,C1=CC=CC=C1,CP,P,CP,C1=CC=CC=C1,CF,CF,C1=CC=CC=C1,CP,P,CP,C1=CC=CC=C1,CF,CF,C1=CC=CC=C1,CP,P,CP,C1=CC=CC=C1,CF,CF,C1=CC=CC=C1,CP,P,CP,C1=CC=CC=C1,CF,CF,C1=CC=CC=C1,CP,P,CP,C1=CC=CC=C1,CF,CF,C1=CC=CC=C1,CP,P,CP,C1=CC=CC=C1,CF,CF,C1=CC=CC=C1,CP,P,CP,C1=CC=CC=C1,CF,CF,C1=CC=CC=C1,CP,P,CP,C1=CC=CC=C1,CF,CF,C1=CC=CC=C1,CP,P,CP,C1=CC=CC=C1,CF,CF,C1=CC=CC=C1,CP,P,CP,C1=CC=CC=C1,CF,CF,C1=CC=CC=C1,CP,P,CP,C1=CC=CC=C1,CF,CF,C1=CC=CC=C1,CP,P,CP,C1=CC=CC=C1,CF,CF,C1=CC=CC=C1,CP,P,CP,C1=CC=CC=C1,CF,CF,C1=CC=CC=C1,CP,P,CP,C1=CC=CC=C1,CF,CF,C1=CC=CC=C1,CP,P,CP,C1=CC=CC=C1,CF,CF,C1=CC=CC=C1,CP,P,CP,C1=CC=CC=C1,CF,CF,C1=CC=CC=C1,CP,P,CP,C1=CC=CC=C1,CF,CF,C1=CC=CC=C1,CP,P,CP,C1=CC=CC=C1,CF,CF,C1=CC=CC=C1,CP,P,CP,C1=CC=CC=C1,CF,CF,C1=CC=CC=C1,CP,P,CP,C1=CC=CC=C1,CF,CF,C1=CC=CC=C1,CP,P,CP,C1=CC=CC=C1,CF,CF,C1=CC=CC=C1,CP,P,CP,C1=CC=CC=C1,CF,CF,C1=CC=CC=C1,CP,P,CP,C1=CC=CC=C1,CF,CF,C1=CC=CC=C1,CP,P,CP,C1=CC=CC=C1,CF,CF,C1=CC=CC=C1,CP,P,CP,C1=CC=CC=C1,CF,CF,C1=CC=CC=C1,CP,P,CP,C1=CC=CC=C1,CF,CF,C1=CC=CC=C1,CP,P,CP,C1=CC=CC=C1,CF,CF,C1=CC=CC=C1,CP,P,CP,C1=CC=CC=C1,CF,CF,C1=CC=CC=C1,CP,P,CP,C1=CC=CC=C1,CF,CF,C1=CC=CC=C1,CP,P,CP,C1=CC=CC=C1,CF,CF,C1=CC=CC=C1,CP,P,CP,C1=CC=CC=C1,CF,CF,C1=CC=CC=C1,CP,P,CP,C1=CC=CC=C1,CF,CF,C1=CC=CC=C1,CP,P,CP,C1=CC=CC=C1,CF,CF,C1=CC=CC=C1,CP,P,CP,C1=CC=CC=C1,CF,CF,C1=CC=CC=C1,CP,P,CP,C1=CC=CC=C1,CF,CF,C1=CC=CC=C1,CP,P,CP,C1=CC=CC=C1,CF,CF,C1=CC=CC=C1,CP,P,CP,C1=CC=CC=C1,CF,CF,C1=CC=CC=C1,CP,P,CP,C1=CC=CC=C1,CF,CF,C1=CC=CC=C1,CP,P,CP,C1=CC=CC=C1,CF,CF,C1=CC=CC=C1,CP,P,CP,C1=CC=CC=C1,CF,CF,C1=CC=CC=C1,CP,P,CP,C1=CC=CC=C1,CF,CF,C1=CC=CC=C1,CP,P,CP,C1=CC=CC=C1,CF,CF,C1=CC=CC=C1,CP,P,CP,C1=CC=CC=C1,CF,CF,C1=CC=CC=C1,CP,P,CP,C1=CC=CC=C1,CF,CF,C1=CC=CC=C1,CP,P,CP,C1=CC=CC=C1,CF,CF,C1=CC=CC=C1,CP,P,CP,C1=CC=CC=C1,CF,CF,C1=CC=CC=C1,CP,P,CP,C1=CC=CC=C1,CF,CF,C1=CC=CC=C1,CP,P,CP,C1=CC=CC=C1,CF,CF,C1=CC=CC=C1,CF,CF,C1=CC=CC=C1,CF,CF,C1=CC=CC=C1,CF,CF,C1=CC=CC=C1,CF,CF,C1=CC=CC=C1,CF,CF,C1=CC=CC=C1,CF,CF,C1=CC=CC=C1,CF,CF,C1=CC=CC=C1,CF,CF,C1=CC=CC=C1,CF,CF,C1=CC=CC=C1,CF,CF,C1=CC=CC=C1,CF,CF,C1=CC=CC=C1,CF,CF,C1=CC=CC=C1,CF,CF,C1=CC=CC=C1,CF,CF,C1=CC=CC=C1,CF,CF,C1=CC=CC=C1,CF,CF,C1=CC=CC=C1,CF,CF,C1=CC=CC=C1,CF,CF,C1=CC=CC=C1,CF,CF,C1=CC=CC=C1,CF,CF,C1=CC=CC=C1,CF,CF,C1=CC=CC=C1,CF,CF,C1=CC=CC=C1,CF,CF,C1=CC=CC=C1,CF,CF,C1=CC=CC=C1,CF,CF,C1=CC=CC=C1,CF,CF,C1=CC=CC=C1,CF,CF,C1=CC=CC=C1,CF,CF,C1=CC=CC=C1,CF,CF,C1=CC=CC=C1,CF,CF,C1=CC=CC=C1,CF,CF,C1=CC=CC=C1,CF,CF,C1=CC=CC=C1,CF,CF,C1=CC=CC=C1,CF,CF,C1=CC=CC=C1,CF,CF,C1=CC=CC=C1,CF,CF,C1=CC=CC=C1,CF,CF,C1=CC=CC=C1,CF,CF,C1=CC=CC=C1,CF,CF,C1=CC=CC=C1,CF
79674156	CC,C1=CC=CC=C1,CN,CN,C,CN,C1COCCN1,CC,C,C=S,CC,C1=CC=CC=C1,CN,CN,C,CN,C1COCCN1,CC,C,CN,C=O,C,CN,C1COCCN1,CC,C,C=S,C=O,C,CN,C1COCCN1,CC,C,CN,CC,C1=CC=CC=C1,CN,CN,C,C=O,C=S,C,CN
102751421	CN,C1CC2CCC(CN1)N2,CN,C1=CC=NC=C1,CCl,CN,C1CC2CCC(CN1)N2,CN,C1=CC=NC=C1,CCl,CN,C1CC2CCC(CN1)N2,CN,C1=CC=NC=C1,CCl,CCl,C1=CC=NC=C1,CCl,CCl,C1=CC=NC=C1,CCl,CCl,C1=CC=NC=C1,CCl
